-------NEW-------,22-02-23 21:59,,
0xF7161CFe40D4B21D9B6F87C19d9Ff424D8675d3E,,9 days 10 hrs ago,Link
0xb9666a99fbBcA4a2aeFf03E9e5F78aa5Ae3FD888,,1 day 7 mins ago,Link
0xB08206537C5bA211A868fAFb304F643bd34dEA7a,,21 mins ago,Link
0x20e5b7Ff818c770F36c8a0EdCe5b8C8fd939a1Aa,,44 mins ago,Link
0xC3160b5f7ECeC9558361392aAb25ec3Dc4d2A6f3,,5 days 5 hrs ago,Link
0xaecfe4Eff84a1cd9a24ACcc1914aC537Af7f6E1b,,18 hrs 11 mins ago,Link
0x0b1dD81b07B2B446973A8F6F2294653EB82d9bC7,,30 mins ago,Link
0x51f5A4ae44e90c1212c29927216296F29151F4D8,,1 day 1 hr ago,Link
0x77c0AA914a5A7C35954660C535D70360dE3bDeec,,30 mins ago,Link
0xdd75Cd55c1367b3d2D928c6181EEA46999D24A72,,3 hrs 55 mins ago,Link
0xF02e86D9E0eFd57aD034FaF52201B79917fE0713,,45 mins ago,Link
0xeB577275B16dF5977D0dB3a2E57E9dfE34F99119,,96 days 1 hr ago,Link
0xD20ce84a24d9d9596Aba73E837D45b5a0a47c718,,42 days 8 hrs ago,Link
0x8445165437cB63AffB2f143378D0eC63e0249582,,2 days 4 hrs ago,Link
0xD96BcBc1071C8174CC442D61f5d8817911eCE1b6,,6 days 5 hrs ago,Link
0xbc45347dac3D16c151Eff5B4aB5e6fb8633a9d16,,1 day 3 hrs ago,Link
0x40ec5B33f54e0E8A33A975908C5BA1c14e5BbbDf,,11 mins ago,Link
0xCFFAd3200574698b78f32232aa9D63eABD290703,,2 mins ago,Link
0xafa64cca337efee0ad827f6c2684e69275226e90,,11 hrs ago,Link
0x51e8A13f8593B393594Cd796fab977eE5a3FF790,,2 days 11 hrs ago,Link
0x6d928f8183ff9e431be8ddc1e1fa00ddc61191a3,,20 hrs 44 mins ago,Link
0xc347d6c4f04777a5a124bdc372a20de11b124e0a,,4 mins ago,Link
-------NEW-------,23-02-23 13:46,,
0xF7161CFe40D4B21D9B6F87C19d9Ff424D8675d3E,,10 days 2 hrs ago,Link
0xb9666a99fbBcA4a2aeFf03E9e5F78aa5Ae3FD888,,1 day 15 hrs ago,Link
0xB08206537C5bA211A868fAFb304F643bd34dEA7a,,16 hrs 8 mins ago,Link
0x20e5b7Ff818c770F36c8a0EdCe5b8C8fd939a1Aa,,16 hrs 30 mins ago,Link
0xC3160b5f7ECeC9558361392aAb25ec3Dc4d2A6f3,,5 days 20 hrs ago,Link
0xaecfe4Eff84a1cd9a24ACcc1914aC537Af7f6E1b,,5 hrs 12 mins ago,Link
0x0b1dD81b07B2B446973A8F6F2294653EB82d9bC7,,9 hrs 23 mins ago,Link
0x51f5A4ae44e90c1212c29927216296F29151F4D8,,3 hrs 42 mins ago,Link
0x77c0AA914a5A7C35954660C535D70360dE3bDeec,,4 hrs 20 mins ago,Link
0xdd75Cd55c1367b3d2D928c6181EEA46999D24A72,,8 mins ago,Link
0xF02e86D9E0eFd57aD034FaF52201B79917fE0713,,4 hrs 46 mins ago,Link
0xeB577275B16dF5977D0dB3a2E57E9dfE34F99119,,14 hrs 48 mins ago,Link
0xD20ce84a24d9d9596Aba73E837D45b5a0a47c718,,43 days 24 mins ago,Link
0x8445165437cB63AffB2f143378D0eC63e0249582,,2 days 19 hrs ago,Link
0xD96BcBc1071C8174CC442D61f5d8817911eCE1b6,,1 hr 15 mins ago,Link
0xbc45347dac3D16c151Eff5B4aB5e6fb8633a9d16,,1 day 18 hrs ago,Link
0x40ec5B33f54e0E8A33A975908C5BA1c14e5BbbDf,,1 min ago,Link
0xCFFAd3200574698b78f32232aa9D63eABD290703,,5 mins ago,Link
0xafa64cca337efee0ad827f6c2684e69275226e90,,1 day 2 hrs ago,Link
0x51e8A13f8593B393594Cd796fab977eE5a3FF790,,3 days 3 hrs ago,Link
0x6d928f8183ff9e431be8ddc1e1fa00ddc61191a3,,1 day 12 hrs ago,Link
0xc347d6c4f04777a5a124bdc372a20de11b124e0a,,36 secs ago,Link
-------NEW-------,2023-02-26 11:46:26
0xf43e889444e95a0429c32b0b601dc16edf90fdbf,"$92,708.20",55 mins ago,"=hyperlink(""https://etherscan.io/address/0xf43e889444e95a0429c32b0b601dc16edf90fdbf#tokentxns"",""Link"")"
0x2793abd233727eef86bd8ccdd2dc57c43377325e,$828.39,7 hrs 30 mins ago,"=hyperlink(""https://etherscan.io/address/0x2793abd233727eef86bd8ccdd2dc57c43377325e#tokentxns"",""Link"")"
0x007933790a4f00000099e9001629d9fe7775b800,$1.72,15 mins ago,"=hyperlink(""https://etherscan.io/address/0x007933790a4f00000099e9001629d9fe7775b800#tokentxns"",""Link"")"
0xdba68f07d1b7ca219f78ae8582c213d975c25caf,"$33,560,499.92",9 mins ago,"=hyperlink(""https://etherscan.io/address/0xdba68f07d1b7ca219f78ae8582c213d975c25caf#tokentxns"",""Link"")"
0x9309c9a38ca533814b1ce2a360558bd3468cdf32,$12.81,3 hrs 36 mins ago,"=hyperlink(""https://etherscan.io/address/0x9309c9a38ca533814b1ce2a360558bd3468cdf32#tokentxns"",""Link"")"
0xcefd289a028d1b0a2e3cd618edf5a5256a6328ce,"$56,841.79",1 day 6 hrs ago,"=hyperlink(""https://etherscan.io/address/0xcefd289a028d1b0a2e3cd618edf5a5256a6328ce#tokentxns"",""Link"")"
0x8a57986a8080aa7a978a7949570ba925ba7121f6,"$7,750.89",1 day 10 hrs ago,"=hyperlink(""https://etherscan.io/address/0x8a57986a8080aa7a978a7949570ba925ba7121f6#tokentxns"",""Link"")"
0xb4da0fe053db9afa3af5c224523f6d16073c0540,"$4,631.29",1 day 9 hrs ago,"=hyperlink(""https://etherscan.io/address/0xb4da0fe053db9afa3af5c224523f6d16073c0540#tokentxns"",""Link"")"
0xde482babcad3013a5ed4d7f44a549975efd7cd0d,$41.45,16 hrs 3 mins ago,"=hyperlink(""https://etherscan.io/address/0xde482babcad3013a5ed4d7f44a549975efd7cd0d#tokentxns"",""Link"")"
0x3ca971a392230eeb6e1bd4b17eef3f438eb9c9cb,"$17,183.39",9 hrs 5 mins ago,"=hyperlink(""https://etherscan.io/address/0x3ca971a392230eeb6e1bd4b17eef3f438eb9c9cb#tokentxns"",""Link"")"
0x18787778407a706082a3c7a35bfcaa9e295658ec,$18.21,9 hrs 54 mins ago,"=hyperlink(""https://etherscan.io/address/0x18787778407a706082a3c7a35bfcaa9e295658ec#tokentxns"",""Link"")"
0x86e122e39d467eb13d82765881cdd944c94ba922,$18.91,11 hrs 10 mins ago,"=hyperlink(""https://etherscan.io/address/0x86e122e39d467eb13d82765881cdd944c94ba922#tokentxns"",""Link"")"
0x60445f1cd286a88631543ca1322bfe2070d50abc,"$50,256.19",1 day 5 hrs ago,"=hyperlink(""https://etherscan.io/address/0x60445f1cd286a88631543ca1322bfe2070d50abc#tokentxns"",""Link"")"
0x17515de6aef039235a78409a04f611148bf2224c,$38.85,5 hrs 21 mins ago,"=hyperlink(""https://etherscan.io/address/0x17515de6aef039235a78409a04f611148bf2224c#tokentxns"",""Link"")"
0x8a1dec195b04701647c736e7b18e7b598d4d3398,$208.26,5 hrs 35 mins ago,"=hyperlink(""https://etherscan.io/address/0x8a1dec195b04701647c736e7b18e7b598d4d3398#tokentxns"",""Link"")"
0xf22ad0c40882d9440f9b314e058d11a9ca61d4b5,$281.92,16 mins ago,"=hyperlink(""https://etherscan.io/address/0xf22ad0c40882d9440f9b314e058d11a9ca61d4b5#tokentxns"",""Link"")"
-------NEW-------,2023-02-26 13:40:19
0xF7161CFe40D4B21D9B6F87C19d9Ff424D8675d3E,,15 hrs 32 mins ago,"=hyperlink(""https://etherscan.io/address/0xF7161CFe40D4B21D9B6F87C19d9Ff424D8675d3E#tokentxns"",""Link"")"
0xb9666a99fbBcA4a2aeFf03E9e5F78aa5Ae3FD888,,19 hrs 12 mins ago,"=hyperlink(""https://etherscan.io/address/0xb9666a99fbBcA4a2aeFf03E9e5F78aa5Ae3FD888#tokentxns"",""Link"")"
0xB08206537C5bA211A868fAFb304F643bd34dEA7a,,10 hrs 14 mins ago,"=hyperlink(""https://etherscan.io/address/0xB08206537C5bA211A868fAFb304F643bd34dEA7a#tokentxns"",""Link"")"
0x20e5b7Ff818c770F36c8a0EdCe5b8C8fd939a1Aa,,2 days 15 hrs ago,"=hyperlink(""https://etherscan.io/address/0x20e5b7Ff818c770F36c8a0EdCe5b8C8fd939a1Aa#tokentxns"",""Link"")"
0xC3160b5f7ECeC9558361392aAb25ec3Dc4d2A6f3,,8 days 20 hrs ago,"=hyperlink(""https://etherscan.io/address/0xC3160b5f7ECeC9558361392aAb25ec3Dc4d2A6f3#tokentxns"",""Link"")"
0xaecfe4Eff84a1cd9a24ACcc1914aC537Af7f6E1b,,4 hrs 6 mins ago,"=hyperlink(""https://etherscan.io/address/0xaecfe4Eff84a1cd9a24ACcc1914aC537Af7f6E1b#tokentxns"",""Link"")"
0x0b1dD81b07B2B446973A8F6F2294653EB82d9bC7,,9 hrs 24 mins ago,"=hyperlink(""https://etherscan.io/address/0x0b1dD81b07B2B446973A8F6F2294653EB82d9bC7#tokentxns"",""Link"")"
0x51f5A4ae44e90c1212c29927216296F29151F4D8,,10 hrs 13 mins ago,"=hyperlink(""https://etherscan.io/address/0x51f5A4ae44e90c1212c29927216296F29151F4D8#tokentxns"",""Link"")"
0x77c0AA914a5A7C35954660C535D70360dE3bDeec,,2 days 57 mins ago,"=hyperlink(""https://etherscan.io/address/0x77c0AA914a5A7C35954660C535D70360dE3bDeec#tokentxns"",""Link"")"
0xdd75Cd55c1367b3d2D928c6181EEA46999D24A72,,3 hrs 37 mins ago,"=hyperlink(""https://etherscan.io/address/0xdd75Cd55c1367b3d2D928c6181EEA46999D24A72#tokentxns"",""Link"")"
0xF02e86D9E0eFd57aD034FaF52201B79917fE0713,,11 hrs 21 mins ago,"=hyperlink(""https://etherscan.io/address/0xF02e86D9E0eFd57aD034FaF52201B79917fE0713#tokentxns"",""Link"")"
0xeB577275B16dF5977D0dB3a2E57E9dfE34F99119,,19 hrs 19 mins ago,"=hyperlink(""https://etherscan.io/address/0xeB577275B16dF5977D0dB3a2E57E9dfE34F99119#tokentxns"",""Link"")"
0xD20ce84a24d9d9596Aba73E837D45b5a0a47c718,,46 days 18 mins ago,"=hyperlink(""https://etherscan.io/address/0xD20ce84a24d9d9596Aba73E837D45b5a0a47c718#tokentxns"",""Link"")"
0x8445165437cB63AffB2f143378D0eC63e0249582,,5 days 19 hrs ago,"=hyperlink(""https://etherscan.io/address/0x8445165437cB63AffB2f143378D0eC63e0249582#tokentxns"",""Link"")"
0xD96BcBc1071C8174CC442D61f5d8817911eCE1b6,,3 days 1 hr ago,"=hyperlink(""https://etherscan.io/address/0xD96BcBc1071C8174CC442D61f5d8817911eCE1b6#tokentxns"",""Link"")"
0xbc45347dac3D16c151Eff5B4aB5e6fb8633a9d16,,23 hrs 40 mins ago,"=hyperlink(""https://etherscan.io/address/0xbc45347dac3D16c151Eff5B4aB5e6fb8633a9d16#tokentxns"",""Link"")"
0x40ec5B33f54e0E8A33A975908C5BA1c14e5BbbDf,,53 secs ago,"=hyperlink(""https://etherscan.io/address/0x40ec5B33f54e0E8A33A975908C5BA1c14e5BbbDf#tokentxns"",""Link"")"
0xCFFAd3200574698b78f32232aa9D63eABD290703,,2 mins ago,"=hyperlink(""https://etherscan.io/address/0xCFFAd3200574698b78f32232aa9D63eABD290703#tokentxns"",""Link"")"
0xafa64cca337efee0ad827f6c2684e69275226e90,,4 days 2 hrs ago,"=hyperlink(""https://etherscan.io/address/0xafa64cca337efee0ad827f6c2684e69275226e90#tokentxns"",""Link"")"
0x51e8A13f8593B393594Cd796fab977eE5a3FF790,,6 days 3 hrs ago,"=hyperlink(""https://etherscan.io/address/0x51e8A13f8593B393594Cd796fab977eE5a3FF790#tokentxns"",""Link"")"
0x6d928f8183ff9e431be8ddc1e1fa00ddc61191a3,,2 days 15 hrs ago,"=hyperlink(""https://etherscan.io/address/0x6d928f8183ff9e431be8ddc1e1fa00ddc61191a3#tokentxns"",""Link"")"
0xc347d6c4f04777a5a124bdc372a20de11b124e0a,,22 mins ago,"=hyperlink(""https://etherscan.io/address/0xc347d6c4f04777a5a124bdc372a20de11b124e0a#tokentxns"",""Link"")"
-------NEW-------,2023-02-27 15:39:26
0xF7161CFe40D4B21D9B6F87C19d9Ff424D8675d3E,,1 day 17 hrs ago,"=hyperlink(""https://etherscan.io/address/0xF7161CFe40D4B21D9B6F87C19d9Ff424D8675d3E#tokentxns"",""Link"")"
0xb9666a99fbBcA4a2aeFf03E9e5F78aa5Ae3FD888,,1 day 21 hrs ago,"=hyperlink(""https://etherscan.io/address/0xb9666a99fbBcA4a2aeFf03E9e5F78aa5Ae3FD888#tokentxns"",""Link"")"
0xB08206537C5bA211A868fAFb304F643bd34dEA7a,,1 day 12 hrs ago,"=hyperlink(""https://etherscan.io/address/0xB08206537C5bA211A868fAFb304F643bd34dEA7a#tokentxns"",""Link"")"
0x20e5b7Ff818c770F36c8a0EdCe5b8C8fd939a1Aa,,4 hrs 46 mins ago,"=hyperlink(""https://etherscan.io/address/0x20e5b7Ff818c770F36c8a0EdCe5b8C8fd939a1Aa#tokentxns"",""Link"")"
0xC3160b5f7ECeC9558361392aAb25ec3Dc4d2A6f3,,2 hrs 2 mins ago,"=hyperlink(""https://etherscan.io/address/0xC3160b5f7ECeC9558361392aAb25ec3Dc4d2A6f3#tokentxns"",""Link"")"
0xaecfe4Eff84a1cd9a24ACcc1914aC537Af7f6E1b,,10 hrs 31 mins ago,"=hyperlink(""https://etherscan.io/address/0xaecfe4Eff84a1cd9a24ACcc1914aC537Af7f6E1b#tokentxns"",""Link"")"
0x0b1dD81b07B2B446973A8F6F2294653EB82d9bC7,,52 mins ago,"=hyperlink(""https://etherscan.io/address/0x0b1dD81b07B2B446973A8F6F2294653EB82d9bC7#tokentxns"",""Link"")"
0x51f5A4ae44e90c1212c29927216296F29151F4D8,,1 day 12 hrs ago,"=hyperlink(""https://etherscan.io/address/0x51f5A4ae44e90c1212c29927216296F29151F4D8#tokentxns"",""Link"")"
0x77c0AA914a5A7C35954660C535D70360dE3bDeec,,49 mins ago,"=hyperlink(""https://etherscan.io/address/0x77c0AA914a5A7C35954660C535D70360dE3bDeec#tokentxns"",""Link"")"
0xdd75Cd55c1367b3d2D928c6181EEA46999D24A72,,1 hr 17 mins ago,"=hyperlink(""https://etherscan.io/address/0xdd75Cd55c1367b3d2D928c6181EEA46999D24A72#tokentxns"",""Link"")"
0xF02e86D9E0eFd57aD034FaF52201B79917fE0713,,4 hrs 41 mins ago,"=hyperlink(""https://etherscan.io/address/0xF02e86D9E0eFd57aD034FaF52201B79917fE0713#tokentxns"",""Link"")"
0xeB577275B16dF5977D0dB3a2E57E9dfE34F99119,,1 day 21 hrs ago,"=hyperlink(""https://etherscan.io/address/0xeB577275B16dF5977D0dB3a2E57E9dfE34F99119#tokentxns"",""Link"")"
0xD20ce84a24d9d9596Aba73E837D45b5a0a47c718,,47 days 2 hrs ago,"=hyperlink(""https://etherscan.io/address/0xD20ce84a24d9d9596Aba73E837D45b5a0a47c718#tokentxns"",""Link"")"
0x8445165437cB63AffB2f143378D0eC63e0249582,,6 days 21 hrs ago,"=hyperlink(""https://etherscan.io/address/0x8445165437cB63AffB2f143378D0eC63e0249582#tokentxns"",""Link"")"
0xD96BcBc1071C8174CC442D61f5d8817911eCE1b6,,4 days 3 hrs ago,"=hyperlink(""https://etherscan.io/address/0xD96BcBc1071C8174CC442D61f5d8817911eCE1b6#tokentxns"",""Link"")"
0xbc45347dac3D16c151Eff5B4aB5e6fb8633a9d16,,2 days 1 hr ago,"=hyperlink(""https://etherscan.io/address/0xbc45347dac3D16c151Eff5B4aB5e6fb8633a9d16#tokentxns"",""Link"")"
0x40ec5B33f54e0E8A33A975908C5BA1c14e5BbbDf,,5 mins ago,"=hyperlink(""https://etherscan.io/address/0x40ec5B33f54e0E8A33A975908C5BA1c14e5BbbDf#tokentxns"",""Link"")"
0xCFFAd3200574698b78f32232aa9D63eABD290703,,1 min ago,"=hyperlink(""https://etherscan.io/address/0xCFFAd3200574698b78f32232aa9D63eABD290703#tokentxns"",""Link"")"
0xafa64cca337efee0ad827f6c2684e69275226e90,,5 days 4 hrs ago,"=hyperlink(""https://etherscan.io/address/0xafa64cca337efee0ad827f6c2684e69275226e90#tokentxns"",""Link"")"
0x51e8A13f8593B393594Cd796fab977eE5a3FF790,,7 days 5 hrs ago,"=hyperlink(""https://etherscan.io/address/0x51e8A13f8593B393594Cd796fab977eE5a3FF790#tokentxns"",""Link"")"
0x6d928f8183ff9e431be8ddc1e1fa00ddc61191a3,,55 mins ago,"=hyperlink(""https://etherscan.io/address/0x6d928f8183ff9e431be8ddc1e1fa00ddc61191a3#tokentxns"",""Link"")"
0xc347d6c4f04777a5a124bdc372a20de11b124e0a,,6 mins ago,"=hyperlink(""https://etherscan.io/address/0xc347d6c4f04777a5a124bdc372a20de11b124e0a#tokentxns"",""Link"")"
-------NEW-------,2023-02-28 16:18:21
0xF7161CFe40D4B21D9B6F87C19d9Ff424D8675d3E,,13 hrs 49 mins ago,"=hyperlink(""https://etherscan.io/address/0xF7161CFe40D4B21D9B6F87C19d9Ff424D8675d3E#tokentxns"",""Link"")"
0xb9666a99fbBcA4a2aeFf03E9e5F78aa5Ae3FD888,,2 days 21 hrs ago,"=hyperlink(""https://etherscan.io/address/0xb9666a99fbBcA4a2aeFf03E9e5F78aa5Ae3FD888#tokentxns"",""Link"")"
0xB08206537C5bA211A868fAFb304F643bd34dEA7a,,2 days 12 hrs ago,"=hyperlink(""https://etherscan.io/address/0xB08206537C5bA211A868fAFb304F643bd34dEA7a#tokentxns"",""Link"")"
0x20e5b7Ff818c770F36c8a0EdCe5b8C8fd939a1Aa,,1 day 5 hrs ago,"=hyperlink(""https://etherscan.io/address/0x20e5b7Ff818c770F36c8a0EdCe5b8C8fd939a1Aa#tokentxns"",""Link"")"
0xC3160b5f7ECeC9558361392aAb25ec3Dc4d2A6f3,,23 hrs 33 mins ago,"=hyperlink(""https://etherscan.io/address/0xC3160b5f7ECeC9558361392aAb25ec3Dc4d2A6f3#tokentxns"",""Link"")"
0xaecfe4Eff84a1cd9a24ACcc1914aC537Af7f6E1b,,1 day 11 hrs ago,"=hyperlink(""https://etherscan.io/address/0xaecfe4Eff84a1cd9a24ACcc1914aC537Af7f6E1b#tokentxns"",""Link"")"
0x0b1dD81b07B2B446973A8F6F2294653EB82d9bC7,,14 hrs 2 mins ago,"=hyperlink(""https://etherscan.io/address/0x0b1dD81b07B2B446973A8F6F2294653EB82d9bC7#tokentxns"",""Link"")"
0x51f5A4ae44e90c1212c29927216296F29151F4D8,,2 days 12 hrs ago,"=hyperlink(""https://etherscan.io/address/0x51f5A4ae44e90c1212c29927216296F29151F4D8#tokentxns"",""Link"")"
0x77c0AA914a5A7C35954660C535D70360dE3bDeec,,5 mins ago,"=hyperlink(""https://etherscan.io/address/0x77c0AA914a5A7C35954660C535D70360dE3bDeec#tokentxns"",""Link"")"
0xdd75Cd55c1367b3d2D928c6181EEA46999D24A72,,45 mins ago,"=hyperlink(""https://etherscan.io/address/0xdd75Cd55c1367b3d2D928c6181EEA46999D24A72#tokentxns"",""Link"")"
0xF02e86D9E0eFd57aD034FaF52201B79917fE0713,,6 hrs 23 mins ago,"=hyperlink(""https://etherscan.io/address/0xF02e86D9E0eFd57aD034FaF52201B79917fE0713#tokentxns"",""Link"")"
0xeB577275B16dF5977D0dB3a2E57E9dfE34F99119,,2 days 21 hrs ago,"=hyperlink(""https://etherscan.io/address/0xeB577275B16dF5977D0dB3a2E57E9dfE34F99119#tokentxns"",""Link"")"
0xD20ce84a24d9d9596Aba73E837D45b5a0a47c718,,48 days 2 hrs ago,"=hyperlink(""https://etherscan.io/address/0xD20ce84a24d9d9596Aba73E837D45b5a0a47c718#tokentxns"",""Link"")"
0x8445165437cB63AffB2f143378D0eC63e0249582,,7 days 22 hrs ago,"=hyperlink(""https://etherscan.io/address/0x8445165437cB63AffB2f143378D0eC63e0249582#tokentxns"",""Link"")"
0xD96BcBc1071C8174CC442D61f5d8817911eCE1b6,,5 days 3 hrs ago,"=hyperlink(""https://etherscan.io/address/0xD96BcBc1071C8174CC442D61f5d8817911eCE1b6#tokentxns"",""Link"")"
0xbc45347dac3D16c151Eff5B4aB5e6fb8633a9d16,,3 days 2 hrs ago,"=hyperlink(""https://etherscan.io/address/0xbc45347dac3D16c151Eff5B4aB5e6fb8633a9d16#tokentxns"",""Link"")"
0x40ec5B33f54e0E8A33A975908C5BA1c14e5BbbDf,,1 min ago,"=hyperlink(""https://etherscan.io/address/0x40ec5B33f54e0E8A33A975908C5BA1c14e5BbbDf#tokentxns"",""Link"")"
0xCFFAd3200574698b78f32232aa9D63eABD290703,,16 mins ago,"=hyperlink(""https://etherscan.io/address/0xCFFAd3200574698b78f32232aa9D63eABD290703#tokentxns"",""Link"")"
0xafa64cca337efee0ad827f6c2684e69275226e90,,18 hrs 39 mins ago,"=hyperlink(""https://etherscan.io/address/0xafa64cca337efee0ad827f6c2684e69275226e90#tokentxns"",""Link"")"
0x51e8A13f8593B393594Cd796fab977eE5a3FF790,,8 days 5 hrs ago,"=hyperlink(""https://etherscan.io/address/0x51e8A13f8593B393594Cd796fab977eE5a3FF790#tokentxns"",""Link"")"
0x6d928f8183ff9e431be8ddc1e1fa00ddc61191a3,,2 hrs 44 mins ago,"=hyperlink(""https://etherscan.io/address/0x6d928f8183ff9e431be8ddc1e1fa00ddc61191a3#tokentxns"",""Link"")"
0xc347d6c4f04777a5a124bdc372a20de11b124e0a,,28 mins ago,"=hyperlink(""https://etherscan.io/address/0xc347d6c4f04777a5a124bdc372a20de11b124e0a#tokentxns"",""Link"")"
-------NEW-------,2023-03-14 16:26:32
0xF7161CFe40D4B21D9B6F87C19d9Ff424D8675d3E,,2 days 18 hrs ago,"=hyperlink(""https://etherscan.io/address/0xF7161CFe40D4B21D9B6F87C19d9Ff424D8675d3E#tokentxns"",""Link"")"
0xb9666a99fbBcA4a2aeFf03E9e5F78aa5Ae3FD888,,2 days 11 hrs ago,"=hyperlink(""https://etherscan.io/address/0xb9666a99fbBcA4a2aeFf03E9e5F78aa5Ae3FD888#tokentxns"",""Link"")"
0xB08206537C5bA211A868fAFb304F643bd34dEA7a,,18 hrs 59 mins ago,"=hyperlink(""https://etherscan.io/address/0xB08206537C5bA211A868fAFb304F643bd34dEA7a#tokentxns"",""Link"")"
0x20e5b7Ff818c770F36c8a0EdCe5b8C8fd939a1Aa,,1 day 3 hrs ago,"=hyperlink(""https://etherscan.io/address/0x20e5b7Ff818c770F36c8a0EdCe5b8C8fd939a1Aa#tokentxns"",""Link"")"
0xC3160b5f7ECeC9558361392aAb25ec3Dc4d2A6f3,,1 day 12 hrs ago,"=hyperlink(""https://etherscan.io/address/0xC3160b5f7ECeC9558361392aAb25ec3Dc4d2A6f3#tokentxns"",""Link"")"
0xaecfe4Eff84a1cd9a24ACcc1914aC537Af7f6E1b,,11 hrs 38 mins ago,"=hyperlink(""https://etherscan.io/address/0xaecfe4Eff84a1cd9a24ACcc1914aC537Af7f6E1b#tokentxns"",""Link"")"
0x0b1dD81b07B2B446973A8F6F2294653EB82d9bC7,,15 hrs 39 mins ago,"=hyperlink(""https://etherscan.io/address/0x0b1dD81b07B2B446973A8F6F2294653EB82d9bC7#tokentxns"",""Link"")"
0x51f5A4ae44e90c1212c29927216296F29151F4D8,,1 day 1 hr ago,"=hyperlink(""https://etherscan.io/address/0x51f5A4ae44e90c1212c29927216296F29151F4D8#tokentxns"",""Link"")"
0x77c0AA914a5A7C35954660C535D70360dE3bDeec,,2 mins ago,"=hyperlink(""https://etherscan.io/address/0x77c0AA914a5A7C35954660C535D70360dE3bDeec#tokentxns"",""Link"")"
0xdd75Cd55c1367b3d2D928c6181EEA46999D24A72,,47 mins ago,"=hyperlink(""https://etherscan.io/address/0xdd75Cd55c1367b3d2D928c6181EEA46999D24A72#tokentxns"",""Link"")"
0xF02e86D9E0eFd57aD034FaF52201B79917fE0713,,6 hrs 16 mins ago,"=hyperlink(""https://etherscan.io/address/0xF02e86D9E0eFd57aD034FaF52201B79917fE0713#tokentxns"",""Link"")"
0xeB577275B16dF5977D0dB3a2E57E9dfE34F99119,,7 days 18 hrs ago,"=hyperlink(""https://etherscan.io/address/0xeB577275B16dF5977D0dB3a2E57E9dfE34F99119#tokentxns"",""Link"")"
0xD20ce84a24d9d9596Aba73E837D45b5a0a47c718,,62 days 3 hrs ago,"=hyperlink(""https://etherscan.io/address/0xD20ce84a24d9d9596Aba73E837D45b5a0a47c718#tokentxns"",""Link"")"
0x8445165437cB63AffB2f143378D0eC63e0249582,,20 hrs 40 mins ago,"=hyperlink(""https://etherscan.io/address/0x8445165437cB63AffB2f143378D0eC63e0249582#tokentxns"",""Link"")"
0xD96BcBc1071C8174CC442D61f5d8817911eCE1b6,,2 days 21 hrs ago,"=hyperlink(""https://etherscan.io/address/0xD96BcBc1071C8174CC442D61f5d8817911eCE1b6#tokentxns"",""Link"")"
0xbc45347dac3D16c151Eff5B4aB5e6fb8633a9d16,,17 days 2 hrs ago,"=hyperlink(""https://etherscan.io/address/0xbc45347dac3D16c151Eff5B4aB5e6fb8633a9d16#tokentxns"",""Link"")"
0x40ec5B33f54e0E8A33A975908C5BA1c14e5BbbDf,,1 min ago,"=hyperlink(""https://etherscan.io/address/0x40ec5B33f54e0E8A33A975908C5BA1c14e5BbbDf#tokentxns"",""Link"")"
0xCFFAd3200574698b78f32232aa9D63eABD290703,,20 mins ago,"=hyperlink(""https://etherscan.io/address/0xCFFAd3200574698b78f32232aa9D63eABD290703#tokentxns"",""Link"")"
0xafa64cca337efee0ad827f6c2684e69275226e90,,23 hrs 16 mins ago,"=hyperlink(""https://etherscan.io/address/0xafa64cca337efee0ad827f6c2684e69275226e90#tokentxns"",""Link"")"
0x51e8A13f8593B393594Cd796fab977eE5a3FF790,,4 days 12 mins ago,"=hyperlink(""https://etherscan.io/address/0x51e8A13f8593B393594Cd796fab977eE5a3FF790#tokentxns"",""Link"")"
0x6d928f8183ff9e431be8ddc1e1fa00ddc61191a3,,1 hr 30 mins ago,"=hyperlink(""https://etherscan.io/address/0x6d928f8183ff9e431be8ddc1e1fa00ddc61191a3#tokentxns"",""Link"")"
0xc347d6c4f04777a5a124bdc372a20de11b124e0a,,5 days 8 hrs ago,"=hyperlink(""https://etherscan.io/address/0xc347d6c4f04777a5a124bdc372a20de11b124e0a#tokentxns"",""Link"")"
-------NEW-------,2023-03-20 16:42:45
0xF7161CFe40D4B21D9B6F87C19d9Ff424D8675d3E,,1 day 9 hrs ago,"=hyperlink(""https://etherscan.io/address/0xF7161CFe40D4B21D9B6F87C19d9Ff424D8675d3E#tokentxns"",""Link"")"
0xb9666a99fbBcA4a2aeFf03E9e5F78aa5Ae3FD888,,8 days 11 hrs ago,"=hyperlink(""https://etherscan.io/address/0xb9666a99fbBcA4a2aeFf03E9e5F78aa5Ae3FD888#tokentxns"",""Link"")"
0xB08206537C5bA211A868fAFb304F643bd34dEA7a,,6 days 19 hrs ago,"=hyperlink(""https://etherscan.io/address/0xB08206537C5bA211A868fAFb304F643bd34dEA7a#tokentxns"",""Link"")"
0x20e5b7Ff818c770F36c8a0EdCe5b8C8fd939a1Aa,,2 days 5 hrs ago,"=hyperlink(""https://etherscan.io/address/0x20e5b7Ff818c770F36c8a0EdCe5b8C8fd939a1Aa#tokentxns"",""Link"")"
0xC3160b5f7ECeC9558361392aAb25ec3Dc4d2A6f3,,7 days 12 hrs ago,"=hyperlink(""https://etherscan.io/address/0xC3160b5f7ECeC9558361392aAb25ec3Dc4d2A6f3#tokentxns"",""Link"")"
0xaecfe4Eff84a1cd9a24ACcc1914aC537Af7f6E1b,,8 hrs 1 min ago,"=hyperlink(""https://etherscan.io/address/0xaecfe4Eff84a1cd9a24ACcc1914aC537Af7f6E1b#tokentxns"",""Link"")"
0x0b1dD81b07B2B446973A8F6F2294653EB82d9bC7,,19 hrs 39 mins ago,"=hyperlink(""https://etherscan.io/address/0x0b1dD81b07B2B446973A8F6F2294653EB82d9bC7#tokentxns"",""Link"")"
0x51f5A4ae44e90c1212c29927216296F29151F4D8,,19 hrs 51 mins ago,"=hyperlink(""https://etherscan.io/address/0x51f5A4ae44e90c1212c29927216296F29151F4D8#tokentxns"",""Link"")"
0x77c0AA914a5A7C35954660C535D70360dE3bDeec,,2 days 19 hrs ago,"=hyperlink(""https://etherscan.io/address/0x77c0AA914a5A7C35954660C535D70360dE3bDeec#tokentxns"",""Link"")"
0xdd75Cd55c1367b3d2D928c6181EEA46999D24A72,,42 mins ago,"=hyperlink(""https://etherscan.io/address/0xdd75Cd55c1367b3d2D928c6181EEA46999D24A72#tokentxns"",""Link"")"
0xF02e86D9E0eFd57aD034FaF52201B79917fE0713,,3 hrs 34 mins ago,"=hyperlink(""https://etherscan.io/address/0xF02e86D9E0eFd57aD034FaF52201B79917fE0713#tokentxns"",""Link"")"
0xeB577275B16dF5977D0dB3a2E57E9dfE34F99119,,13 days 18 hrs ago,"=hyperlink(""https://etherscan.io/address/0xeB577275B16dF5977D0dB3a2E57E9dfE34F99119#tokentxns"",""Link"")"
0xD20ce84a24d9d9596Aba73E837D45b5a0a47c718,,68 days 3 hrs ago,"=hyperlink(""https://etherscan.io/address/0xD20ce84a24d9d9596Aba73E837D45b5a0a47c718#tokentxns"",""Link"")"
0x8445165437cB63AffB2f143378D0eC63e0249582,,20 hrs 40 mins ago,"=hyperlink(""https://etherscan.io/address/0x8445165437cB63AffB2f143378D0eC63e0249582#tokentxns"",""Link"")"
0xD96BcBc1071C8174CC442D61f5d8817911eCE1b6,,2 days 58 mins ago,"=hyperlink(""https://etherscan.io/address/0xD96BcBc1071C8174CC442D61f5d8817911eCE1b6#tokentxns"",""Link"")"
0xbc45347dac3D16c151Eff5B4aB5e6fb8633a9d16,,23 days 2 hrs ago,"=hyperlink(""https://etherscan.io/address/0xbc45347dac3D16c151Eff5B4aB5e6fb8633a9d16#tokentxns"",""Link"")"
0x40ec5B33f54e0E8A33A975908C5BA1c14e5BbbDf,,2 mins ago,"=hyperlink(""https://etherscan.io/address/0x40ec5B33f54e0E8A33A975908C5BA1c14e5BbbDf#tokentxns"",""Link"")"
0xCFFAd3200574698b78f32232aa9D63eABD290703,,20 secs ago,"=hyperlink(""https://etherscan.io/address/0xCFFAd3200574698b78f32232aa9D63eABD290703#tokentxns"",""Link"")"
0xafa64cca337efee0ad827f6c2684e69275226e90,,1 hr 33 mins ago,"=hyperlink(""https://etherscan.io/address/0xafa64cca337efee0ad827f6c2684e69275226e90#tokentxns"",""Link"")"
0x51e8A13f8593B393594Cd796fab977eE5a3FF790,,5 days 8 hrs ago,"=hyperlink(""https://etherscan.io/address/0x51e8A13f8593B393594Cd796fab977eE5a3FF790#tokentxns"",""Link"")"
0x6d928f8183ff9e431be8ddc1e1fa00ddc61191a3,,19 hrs 9 mins ago,"=hyperlink(""https://etherscan.io/address/0x6d928f8183ff9e431be8ddc1e1fa00ddc61191a3#tokentxns"",""Link"")"
0xc347d6c4f04777a5a124bdc372a20de11b124e0a,,11 days 8 hrs ago,"=hyperlink(""https://etherscan.io/address/0xc347d6c4f04777a5a124bdc372a20de11b124e0a#tokentxns"",""Link"")"
-------NEW-------,2023-04-18 15:41:24
0xF7161CFe40D4B21D9B6F87C19d9Ff424D8675d3E,,2 days 20 hrs ago,"=hyperlink(""https://etherscan.io/address/0xF7161CFe40D4B21D9B6F87C19d9Ff424D8675d3E#tokentxns"",""Link"")"
0xb9666a99fbBcA4a2aeFf03E9e5F78aa5Ae3FD888,,1 day 12 hrs ago,"=hyperlink(""https://etherscan.io/address/0xb9666a99fbBcA4a2aeFf03E9e5F78aa5Ae3FD888#tokentxns"",""Link"")"
0xB08206537C5bA211A868fAFb304F643bd34dEA7a,,17 hrs 23 mins ago,"=hyperlink(""https://etherscan.io/address/0xB08206537C5bA211A868fAFb304F643bd34dEA7a#tokentxns"",""Link"")"
0x20e5b7Ff818c770F36c8a0EdCe5b8C8fd939a1Aa,,17 hrs 46 mins ago,"=hyperlink(""https://etherscan.io/address/0x20e5b7Ff818c770F36c8a0EdCe5b8C8fd939a1Aa#tokentxns"",""Link"")"
0xC3160b5f7ECeC9558361392aAb25ec3Dc4d2A6f3,,10 days 16 hrs ago,"=hyperlink(""https://etherscan.io/address/0xC3160b5f7ECeC9558361392aAb25ec3Dc4d2A6f3#tokentxns"",""Link"")"
0xaecfe4Eff84a1cd9a24ACcc1914aC537Af7f6E1b,,7 hrs 45 mins ago,"=hyperlink(""https://etherscan.io/address/0xaecfe4Eff84a1cd9a24ACcc1914aC537Af7f6E1b#tokentxns"",""Link"")"
0x0b1dD81b07B2B446973A8F6F2294653EB82d9bC7,,1 hr 34 mins ago,"=hyperlink(""https://etherscan.io/address/0x0b1dD81b07B2B446973A8F6F2294653EB82d9bC7#tokentxns"",""Link"")"
0x51f5A4ae44e90c1212c29927216296F29151F4D8,,4 days 1 min ago,"=hyperlink(""https://etherscan.io/address/0x51f5A4ae44e90c1212c29927216296F29151F4D8#tokentxns"",""Link"")"
0x77c0AA914a5A7C35954660C535D70360dE3bDeec,,38 mins ago,"=hyperlink(""https://etherscan.io/address/0x77c0AA914a5A7C35954660C535D70360dE3bDeec#tokentxns"",""Link"")"
0xdd75Cd55c1367b3d2D928c6181EEA46999D24A72,,30 mins ago,"=hyperlink(""https://etherscan.io/address/0xdd75Cd55c1367b3d2D928c6181EEA46999D24A72#tokentxns"",""Link"")"
0xF02e86D9E0eFd57aD034FaF52201B79917fE0713,,30 mins ago,"=hyperlink(""https://etherscan.io/address/0xF02e86D9E0eFd57aD034FaF52201B79917fE0713#tokentxns"",""Link"")"
0xeB577275B16dF5977D0dB3a2E57E9dfE34F99119,,42 days 16 hrs ago,"=hyperlink(""https://etherscan.io/address/0xeB577275B16dF5977D0dB3a2E57E9dfE34F99119#tokentxns"",""Link"")"
0xD20ce84a24d9d9596Aba73E837D45b5a0a47c718,,26 days 9 hrs ago,"=hyperlink(""https://etherscan.io/address/0xD20ce84a24d9d9596Aba73E837D45b5a0a47c718#tokentxns"",""Link"")"
0x8445165437cB63AffB2f143378D0eC63e0249582,,6 days 1 hr ago,"=hyperlink(""https://etherscan.io/address/0x8445165437cB63AffB2f143378D0eC63e0249582#tokentxns"",""Link"")"
0xD96BcBc1071C8174CC442D61f5d8817911eCE1b6,,30 days 22 hrs ago,"=hyperlink(""https://etherscan.io/address/0xD96BcBc1071C8174CC442D61f5d8817911eCE1b6#tokentxns"",""Link"")"
0xbc45347dac3D16c151Eff5B4aB5e6fb8633a9d16,,26 days 8 hrs ago,"=hyperlink(""https://etherscan.io/address/0xbc45347dac3D16c151Eff5B4aB5e6fb8633a9d16#tokentxns"",""Link"")"
0x40ec5B33f54e0E8A33A975908C5BA1c14e5BbbDf,,58 secs ago,"=hyperlink(""https://etherscan.io/address/0x40ec5B33f54e0E8A33A975908C5BA1c14e5BbbDf#tokentxns"",""Link"")"
0xCFFAd3200574698b78f32232aa9D63eABD290703,,1 min ago,"=hyperlink(""https://etherscan.io/address/0xCFFAd3200574698b78f32232aa9D63eABD290703#tokentxns"",""Link"")"
0xafa64cca337efee0ad827f6c2684e69275226e90,,18 hrs 50 mins ago,"=hyperlink(""https://etherscan.io/address/0xafa64cca337efee0ad827f6c2684e69275226e90#tokentxns"",""Link"")"
0x51e8A13f8593B393594Cd796fab977eE5a3FF790,,7 hrs 2 mins ago,"=hyperlink(""https://etherscan.io/address/0x51e8A13f8593B393594Cd796fab977eE5a3FF790#tokentxns"",""Link"")"
0x6d928f8183ff9e431be8ddc1e1fa00ddc61191a3,,3 hrs 39 mins ago,"=hyperlink(""https://etherscan.io/address/0x6d928f8183ff9e431be8ddc1e1fa00ddc61191a3#tokentxns"",""Link"")"
0xc347d6c4f04777a5a124bdc372a20de11b124e0a,,40 days 6 hrs ago,"=hyperlink(""https://etherscan.io/address/0xc347d6c4f04777a5a124bdc372a20de11b124e0a#tokentxns"",""Link"")"
-------NEW-------,2023-04-22 10:40:12
0x0d0707963952f2fba59dd06f2b425ace40b492fe,"$12,732,088.90",38 secs ago,"=hyperlink(""https://etherscan.io/address/0x0d0707963952f2fba59dd06f2b425ace40b492fe#tokentxns"",""Link"")"
0x0000000000000000000000000000000000000000,"$210,046,459.42",4 secs ago,"=hyperlink(""https://etherscan.io/address/0x0000000000000000000000000000000000000000#tokentxns"",""Link"")"
-------NEW-------,2023-04-22 10:52:09
0x0d0707963952f2fba59dd06f2b425ace40b492fe,"$12,732,024.90",1 min ago,"=hyperlink(""https://etherscan.io/address/0x0d0707963952f2fba59dd06f2b425ace40b492fe#tokentxns"",""Link"")"
0x62f87d46c41106e2eac6de491d739a4ef7ebf214,"$127,976.99",2 days 21 hrs ago,"=hyperlink(""https://etherscan.io/address/0x62f87d46c41106e2eac6de491d739a4ef7ebf214#tokentxns"",""Link"")"
0x4cb6f0ef0eeb503f8065af1a6e6d5dd46197d3d9,"$34,387.41",9 hrs 46 mins ago,"=hyperlink(""https://etherscan.io/address/0x4cb6f0ef0eeb503f8065af1a6e6d5dd46197d3d9#tokentxns"",""Link"")"
0x0000000000000000000000000000000000000000,"$210,146,022.27",13 secs ago,"=hyperlink(""https://etherscan.io/address/0x0000000000000000000000000000000000000000#tokentxns"",""Link"")"
0xeb5cc391e8cae0d95160bf4b35896efcd19182da,"$60,343.62",18 hrs 47 mins ago,"=hyperlink(""https://etherscan.io/address/0xeb5cc391e8cae0d95160bf4b35896efcd19182da#tokentxns"",""Link"")"
0xb758b6576221a7504a7211307092c23d3ee191c9,"$26,022.62",2 mins ago,"=hyperlink(""https://etherscan.io/address/0xb758b6576221a7504a7211307092c23d3ee191c9#tokentxns"",""Link"")"
